5.095650502738688914e-01,1.131721778804268413e-01,1.087820614819574871e-01,1.021471533824803934e+00,9.252338656554767171e-01
2.110053512769322070e-01,2.823819962668669414e-01,-9.713161375049364499e-03,-1.819859713699652770e-01,1.282373410081119325e-01
3.541545130664417451e-01,2.824087643924538815e-01,1.359163072150698925e-01,-1.325995899784746079e+00,-1.334862662140585687e+00
2.150480072653792318e-01,1.483330851195348576e-01,2.268872868998110873e-02,-2.528105598858928701e-02,-2.075841824785415457e-02
8.830310924342392453e-02,3.126327888611912798e-01,-8.775665019505949141e-03,-1.641903380741906449e-01,2.484564265060283106e-01
2.587059989911723035e-01,1.881646611408538117e-01,1.004778184523237722e-01,-1.469754961961595274e+00,-1.273482895480354760e+00
9.121315785155958977e-01,8.225034280978255063e-02,4.716553242712390737e-01,-1.601436136635479499e-02,2.288665386639267829e-01
-1.523417700374687100e-01,4.710171342277165718e-01,-6.903223964353860653e-02,-1.438233103211199237e+00,-1.306379565726714320e+00
7.281118614516049470e-02,4.731263162976883652e-01,2.777025938064009436e-01,1.037875588735234222e+00,8.727180800997027532e-01
2.617844072782545273e-01,2.578003936632926041e-01,1.216338193280638580e-01,-1.690141876920800978e-01,1.893428156887907304e-02
3.977728780485709770e-01,3.924553020271299292e-02,2.836674651650949452e-01,1.029073518902640538e+00,1.155500936758184105e+00
3.404972185879707181e-01,3.279640350923813674e-01,1.394747896059473358e-01,-1.141839723861617917e-01,2.079617990485169432e-01
9.524194072008650425e-01,2.544756589749878062e-01,4.587505666161052487e-01,-1.350234285776551468e+00,-2.023596702727100460e+00
8.568764351891290376e-01,-9.866593760176746442e-02,2.902215027442346940e-01,3.552398675820565566e-01,3.985715496794653423e-02
7.970879185639473397e-01,-7.346765886147270386e-02,2.716900539833490003e-01,1.247209217690916194e+00,8.942023178195703803e-01
1.239692174634226818e-01,2.646093019205229546e-01,4.075890966353659661e-02,3.258975345212515307e-01,-1.055029921685664424e-01
1.018796699040823844e-01,2.694370992658866037e-01,1.181393313039965504e-02,-1.819442286778318429e+00,-1.634688115214337101e+00
3.546979398747574508e-01,2.845553010017482509e-01,2.115287524162189070e-01,-1.434420019566566840e+00,-1.491614856836648739e+00
3.183276879479484678e-01,-1.173371441949467783e-02,-1.046815831653308687e-01,1.216709260815007632e+00,1.102421377430282901e+00
-9.254011596972795684e-02,9.695081208266878581e-02,-1.192465229176992506e-02,1.102029839145341583e+00,1.111263004982990132e+00
2.959349491682766731e-01,1.583757101738674233e-01,1.652412160449417966e-02,1.040203077922380759e+00,8.442142827683971618e-01
3.210907316993786287e-01,3.210325851700975286e-01,2.839864850246151540e-01,2.715457199256030019e-01,1.701323839018547557e-01
4.534863465414266104e-01,-1.060126073895539395e-01,1.124875085476706310e-01,-1.244216121954413723e-01,-1.775827587418069287e-01
1.566097482952061581e-01,1.169805451447637479e-01,-1.851491610362639428e-01,-1.457096278656992094e+00,-1.339768433767591915e+00
1.939988382959657864e-01,1.902321233659256261e-01,9.200883349905983333e-02,-1.405658213565920134e+00,-1.365468353907514087e+00
5.087620344646731629e-01,8.264464133465070084e-02,2.355461990667767902e-01,3.912161578340610235e-02,-4.496447982825996226e-02
6.780970353296400521e-02,1.624244908801592696e-02,-2.336879051709862820e-01,1.097050993473107861e+00,1.084470043239090353e+00
1.239388437595533715e-02,3.803839251588175818e-01,1.163942098391163894e-02,1.195679928069501630e+00,1.052226912862286312e+00
1.841141214160490758e-01,1.850542944257196620e-01,-1.629974824459961072e-02,1.185290959400279842e+00,1.442499935380993303e+00
1.951999098492081947e-02,3.914151748291049837e-01,-3.666361455209247826e-03,9.159741332554580673e-01,8.700320999360920959e-01
-2.781972615328936471e-01,5.152662938309449103e-01,1.463382946962260220e-02,1.117259622967156307e+00,1.184877157874172360e+00
-5.626214306369976131e-02,3.075379221906411331e-01,1.348235411295046482e-01,-2.634814807818691706e-01,1.629037645337421680e-01
-7.626056332577976771e-02,2.549265675400249620e-01,1.182241170360570116e-02,-2.494603123459565586e-02,1.468766027507217575e-01
7.000306097909159142e-02,2.884453361077419786e-01,5.735931010764725585e-02,9.631734266067826233e-01,9.544776647194069819e-01
3.209474200857737047e-01,-1.230520391303246454e-02,1.511461546222248910e-02,-2.339193654129011202e-01,-7.039838646195015551e-03
3.440061328344820035e-01,-1.581727043884131184e-02,-6.973065269406777955e-02,1.218191391367381693e-01,-2.536124510839771889e-02
3.221042997481712855e-01,-1.264423562368148790e-01,-4.451714021013428862e-02,-1.246052023327814506e+00,-1.572194779624225047e+00
3.032008784032734217e-01,2.074727394393790225e-01,2.058307694521635256e-01,-1.116821850471620969e+00,-1.505926604108343447e+00
1.176813058165376985e-01,-1.653942863695654492e-02,-1.300286415570700294e-01,1.068355892345144387e+00,1.024232457010897379e+00
6.831121645225168848e-01,2.037099300535204216e-01,4.282961115091525328e-01,-1.194946315971603168e+00,-1.108568281017134893e+00
-1.755380702808664317e-01,5.968079013774898467e-01,8.397931192941930634e-02,1.185555258550247570e+00,1.302941978274891888e+00
-8.873053918697934236e-03,3.669041778144016552e-01,1.350433350001833677e-01,-1.338461650524955582e+00,-1.328313294820627322e+00
3.170435750357277205e-01,2.809809049340716292e-01,1.418592701392362987e-01,1.702874748040091035e-01,2.346145423850683476e-01
5.932173902981606739e-01,4.261790059808766296e-02,2.166109383126952892e-01,-1.215507804446961382e+00,-1.439020425172220730e+00
7.276455756189323942e-01,2.309340214547735970e-01,2.390313788564805697e-01,1.356575409479176209e+00,1.419807990623818128e+00
5.939107584186478217e-01,2.078875503857722726e-02,2.176221943565226913e-01,-1.366058089635955763e+00,-1.427268883944850630e+00
-7.062976055044252466e-02,3.253556465309656032e-01,2.643087552215558564e-02,8.760235546709945753e-01,1.050973213567787168e+00
8.077186695645890424e-01,-2.527168016083672364e-02,2.696524069464104056e-01,-2.187694513460436418e-01,6.233823227008964893e-03
8.863426176977894089e-02,3.461684410433646386e-01,3.633819006335083091e-02,8.772855527734796377e-01,8.481015869687176245e-01
8.814637757678290830e-01,2.250223174002466409e-01,3.359307367774638786e-01,-1.351159627432851229e+00,-1.493893979454183452e+00
-1.413451102074811117e-01,-3.118036499056780694e-02,-1.695024995340674856e-01,-1.321040843939159215e+00,-1.499795276463291360e+00
2.388389542318955228e-01,-1.490889922397853340e-01,2.193079709492666562e-02,-5.427236694439102616e-01,8.086248893387601444e-02
2.031275185448423726e-01,2.518420332020893104e-01,1.980777317683043437e-01,1.930433655822491046e-01,4.546968898990998847e-02
9.092561298070536147e-01,3.673901673567830928e-02,4.461905840884556329e-01,6.148622118589547325e-02,-4.198772262943151895e-02
6.361674670908800122e-01,1.865997772420342482e-01,4.705445737007825091e-01,-2.620391341430020407e-02,1.760057105241679687e-01
1.873135339465059612e-01,2.396213200555496747e-01,1.653548224348547202e-02,1.044825503428515656e+00,1.207405738878998491e+00
1.913135868736651202e-01,2.455280922413060479e-02,-7.337697278540732115e-02,1.071810729028795484e+00,9.026147426401054386e-01
3.147638377855767056e-01,4.562845689108668279e-01,2.785199825684918640e-01,-7.926751406036602887e-02,-1.236447401937440099e-01
-3.863437076538424053e-01,3.290789214857333111e-01,-2.006457619412168325e-01,1.458032100281231092e+00,1.459938279940193873e+00
4.102403664965324076e-02,2.993529541840085351e-01,9.680956729018290463e-02,-8.678315667690492674e-01,1.144501017176739327e-01
1.412484598447016904e-01,1.445023877824416379e-03,-1.509844742585932653e-01,1.273147529742154171e+00,1.072893540415156499e+00
9.658396858400987439e-02,1.704834381400704632e-02,5.480531058948837769e-02,1.908961596384050052e-01,3.634599251612654486e-02
-1.828063385141483477e-01,1.896786503286665704e-01,-1.073520319971444856e-02,-1.273882311254247224e+00,-1.324240489867693382e+00
7.606125281869564603e-01,2.210182663229483535e-01,3.425067455787962900e-01,1.132253140650312018e+00,9.847873822373197639e-01
-2.242561829711408466e-02,2.850674803604324459e-01,9.100919202834853797e-03,1.124631500678392015e+00,1.115831025012948841e+00
-1.219410168645572307e-01,3.923108804971146002e-01,-1.440014101480895092e-01,1.124547962887159525e+00,1.292633924213780539e+00
9.893409435244528982e-01,5.161274181654536969e-02,2.975099538307106606e-01,1.067069783082479573e+00,1.000437016067842633e+00
1.152088011776260940e-01,3.531533341563938833e-01,3.695891739375041507e-02,1.390884725772250974e+00,1.484731929996041089e+00
3.617101391979987146e-01,3.444439546192554907e-02,6.500724030050085422e-02,1.239981622734015909e+00,1.315820008254535933e+00
1.272031602037571874e-01,1.986237134558224149e-01,-1.314323220553308413e-01,1.277036277976574041e+00,1.120255472704844824e+00
3.736262588824354469e-01,2.559534398989538606e-01,1.461669196174968655e-01,1.187547175275688982e+00,1.083507870766797554e+00
2.851050126562942322e-01,7.074275578515837326e-02,2.301684806315391907e-01,1.375892477471808983e-01,1.030902164280459304e-01
-5.799669091072264804e-01,5.320187695890437052e-01,-2.861961102382040156e-01,4.336789642025538627e-01,7.394006265645169940e-02
4.876096168212291082e-01,2.784771653493950949e-01,3.685921074916188034e-01,1.043320485232847927e+00,9.252091350722464469e-01
-1.410177722230556985e-01,3.731899984187520003e-01,3.601131545961978875e-02,9.129234766243733423e-01,1.002258199771207892e+00
-1.701896190037322787e-01,5.407918394841468857e-01,-1.792282554052866961e-01,6.625743781805740196e-02,-1.020930783942222558e-01
3.000533003384419084e-01,2.690002074349023276e-01,2.235637917500118144e-01,1.109296259488868452e+00,1.052193715705945998e+00
6.889148024455259423e-01,4.110201375293048159e-02,1.379547787714532348e-01,-1.352132158897981107e+00,-1.161176563430705633e+00
3.144462290754843070e-01,-5.106777477228927054e-02,1.198078653884946804e-01,-8.118486006548408795e-02,7.639298592298048030e-02
1.173203298828576352e-01,1.841116899409749597e-01,-3.781465069205484225e-02,-3.795818873751484746e-01,-3.623632945030429847e-02
1.505778847069172699e-01,8.071789963714258442e-02,9.725952071262268517e-02,1.185018451752600566e+00,1.154134843970663127e+00
8.833596220827945322e-02,2.657653145479763057e-01,-2.142079057962703315e-01,1.122148417960959321e+00,1.046548652830818993e+00
3.213375608084977353e-01,2.918117375996939211e-01,1.118099689113709883e-01,-1.282336857124724672e+00,-1.448816856104427675e+00
7.784551007767052111e-01,-7.092669426349473838e-02,2.423147094040769556e-01,-4.480896425261243765e-01,4.172139135857840242e-01
6.975152354354908768e-01,2.069922077407750360e-01,3.751261523882232773e-01,-2.887176765627309516e-01,-6.484972593044746603e-02
1.214087713311333472e+00,-7.786543911376556104e-02,4.404512574203903741e-01,1.466567595874052943e+00,1.433482383153237283e+00
4.184041643969103053e-01,2.546025699240108686e-01,3.177382016982411295e-01,1.443654823421374467e-01,-1.492262206639537701e-02
7.751183615706880303e-01,1.536792807496850100e-01,3.774364672932148945e-01,-2.220907863732700660e-01,-2.278905353524445301e-02
3.812484064337082201e-02,5.210822434418880406e-02,-7.661340119619128308e-02,1.121964649891085131e+00,1.034014592859535231e+00
1.105176141751069430e-01,2.495615478448122079e-02,-1.357561298652335546e-01,-1.671187479061072567e+00,-1.469343560248410396e+00
2.822041655205103639e-01,-2.022134219752761645e-03,-8.152165839083151677e-02,1.075932206350255882e+00,1.147268178549507134e+00
6.889230106235292306e-01,1.023478824758045913e-01,4.078368907332634574e-01,9.588221982692151091e-01,7.598529412889585277e-01
1.215350267107075277e+00,1.700437095059199599e-01,6.517531170991240907e-01,1.468427349650665903e+00,1.371947649372680988e+00
4.141697073723324407e-01,2.990414635356018480e-01,3.183964633821183554e-01,-1.188926551984355928e+00,-1.424576338051944280e+00
-6.509459992958285812e-02,6.541845769762408280e-02,-1.995725810634348119e-01,-1.257164246237056027e+00,-1.378106161736537771e+00
3.610365938683279818e-01,3.145887960657632321e-01,9.428124043815716560e-02,2.315138081991357233e-01,-1.483249399161625237e-01
7.853932553252250814e-01,3.337385472215757543e-01,4.892261137645330105e-01,9.812780331462822581e-01,8.553831977524908314e-01
3.351450904770592043e-01,-2.148764036351791945e-02,5.069398607081878824e-03,-1.144879887982107824e+00,-1.412672049682714315e+00
3.929297977560133881e-01,-1.667212594204400822e-01,5.915420028002219693e-02,2.315799629053713893e-01,-1.245047612672287446e-01
1.563774072034671281e-01,-1.193133773081071491e-01,-6.317414171714372251e-02,1.147255243258516133e+00,1.006698130043631290e+00
2.284390484142696243e-01,4.702519179545497918e-01,1.718368297687641877e-01,1.134898064823269381e+00,1.125920926427032676e+00
2.794977954927920227e-01,2.297431634276718704e-01,6.750392142602824885e-02,1.207519057152801389e+00,1.141633948784772423e+00
1.217250968364514685e-01,1.152729585485584712e-01,1.540974700897484312e-02,-2.763851846341223162e-01,6.409618281921833360e-02
4.918222126668549965e-01,-1.267731488919442984e-01,5.608258932185496148e-02,-1.390005138297130793e+00,-1.579458657964713186e+00
5.352299387796182195e-01,-2.760727384960625086e-01,4.864050217642667401e-02,-2.573273129522748448e-01,2.086313942958988310e-01
-1.914229172009452584e-01,3.865572359584441564e-01,-1.535900128711564783e-01,-1.280675479117767024e+00,-1.378469418564475246e+00
-9.738154685044644876e-02,3.737105346399159367e-01,-1.150485910544593732e-01,1.130878302410403213e+00,1.095500757328413233e+00
4.139260243728355437e-01,8.871831688121252502e-02,3.947200611604468334e-01,1.112341428383714081e+00,1.141505924901570213e+00
2.592663952845504771e-01,-6.871745443005546072e-02,-1.120468619281942135e-01,-6.007908041173268959e-02,2.150757209974714368e-01
3.461786343195458887e-02,1.903164029575280525e-01,-1.015502003607280102e-01,-4.463750174674859794e-01,4.730795402143461031e-02
-4.802642383539030280e-01,2.925246249497056028e-01,-4.114155262575287103e-02,-3.197871334372110602e-02,2.555377865264500323e-02
2.258656106900892580e-01,2.682488196713920248e-01,1.930307057245616020e-01,-2.385452602381647191e-01,-7.323401816457954412e-03
1.548490967548176722e-01,-3.492467408721690314e-02,-1.663396574747114109e-01,1.281304468579631317e+00,1.272063525838726950e+00
2.790540546442099590e-01,8.679541638117281577e-02,-9.446091184407484631e-02,1.045854655955272383e+00,9.863585312638223357e-01
5.661275085955626007e-01,1.435189159355647892e-01,3.870989232928050972e-01,1.206898159740729337e+00,1.195101789279659377e+00
3.513940384713752363e-01,-7.676773909061185286e-02,-6.892678824050479935e-03,-1.294242133639109671e+00,-1.277578511227835500e+00
2.092938763434755156e-01,1.677283021772524307e-01,-9.385497307104048378e-03,1.600350708755689189e+00,1.642511375054962475e+00
7.135221746322999437e-01,-2.050973093934445046e-01,2.323609368266562336e-01,-1.134872171205376201e+00,-1.435100889821645964e+00
2.398607817589799296e-01,1.577481771066547578e-01,1.165699986306198699e-01,-1.375463694494504452e+00,-1.471089027977072083e+00
3.588585856167309518e-01,1.221094974592830396e-01,7.321854631123148049e-02,1.488496108895959458e-01,-9.358229028855781506e-02
3.976116985577898832e-01,-1.450595977010198621e-02,1.594897344018658403e-01,-1.113037157171325314e-01,5.918020837495643199e-02
-2.284768752048015744e-02,1.160957397970771160e-01,-9.949583460176530947e-02,-1.213680441005082322e+00,-1.419864182824590371e+00
7.507983485604640128e-01,4.835921337936565506e-02,4.602200009526230540e-01,1.042529361239610264e+00,8.264433544070726168e-01
-2.123623964215243520e-01,5.234825865516130605e-01,-1.159924673502286951e-01,-7.425311463652257971e-02,-1.170912447239357834e-01
3.729133940787339174e-01,3.330721017304771187e-02,2.772094679842240228e-01,-2.445521138432422692e-01,1.852453963554166472e-01
6.637207473592468543e-02,1.101911789053343360e-01,-4.161881671407758471e-02,1.209173833550810429e+00,1.396257561747819675e+00
5.063503296078833982e-01,1.752659526533753287e-01,2.625688509002234161e-01,-3.724053697083146847e-02,1.419311137667806644e-01
-3.621514299561614525e-01,1.127006620044190832e-01,-2.990725211228289493e-01,1.186524547671398588e+00,1.082116224576766594e+00
-2.634206431470145215e-01,4.899213806106719749e-01,3.151710625657647841e-02,-1.194353457430745946e+00,-1.328475212173058306e+00
2.235118852385958865e-01,-5.493218287352214305e-03,-8.243494439614434954e-02,-1.306282706645013336e+00,-1.496943160762600256e+00
-2.443563821616632492e-01,2.519347766175239478e-01,-1.297425519955982265e-01,1.222916337900335160e+00,1.212594706115805776e+00
4.122123920713437473e-01,1.991550985079668379e-01,-1.114918695779342807e-02,8.750490472391710961e-01,7.667609095551817244e-01
2.124495796779906631e-01,2.702745071477040129e-01,2.789503234336798698e-01,1.127648398256992701e+00,9.280053701539984212e-01
-4.186588766979931764e-01,2.764095619750255861e-01,-2.803720111803695847e-01,-5.185301278894210997e-01,2.023763130659287646e-01
2.818264984634989423e-01,1.787735384487024182e-01,8.635943106010207648e-02,1.161894801265283217e+00,9.816298807224893563e-01
-1.802325514821128127e-01,2.339769346897859481e-01,-1.102243327151492536e-01,-1.378680756183058742e+00,-1.084836274667429823e+00
-1.363362229426684502e-01,4.607352427665720729e-01,6.033127825422867491e-02,-1.419351325601436287e+00,-1.302424375086710384e+00
3.059071247380404021e-02,5.593573679242169749e-01,6.509236221850350779e-02,4.065056281510226466e-01,-1.591426123188928454e-01
2.805856112860808382e-01,1.752320349125461307e-01,1.096647301713972733e-01,3.508249217590794777e-02,9.044037399931713350e-02
1.541293205685262679e-01,2.443669266255566741e-01,5.582662753435416181e-02,-1.180816966489539821e+00,-1.428325307010110956e+00
1.471980397411770947e-01,4.574862235452188397e-01,8.710323832356113571e-02,-1.849673713427521238e-01,3.675021565563313941e-01
-1.341664556965493083e-01,4.294933362211406092e-01,3.445860786395917724e-02,-1.525904889376200835e+00,-1.475646134881514193e+00
-6.842763228569448408e-02,3.436645204208585436e-01,-2.042136475864033962e-01,-7.987289297907234076e-01,2.521813322056058460e-01
1.080011096096236356e+00,-1.547941305636351683e-01,4.151762854108259071e-01,-1.077684211079990906e+00,-1.239488717782299076e+00
4.218867983198302390e-02,1.611273966942253222e-01,1.658794504124402880e-01,2.510223549401147114e-01,-9.861360640579608372e-02
-2.310437461068515774e-01,3.525549845911249980e-01,6.123866829652302446e-02,1.851835139695821308e-01,-1.959058832745442236e-01
4.959096881295552844e-02,4.205805364565307070e-01,-1.438977958466994061e-03,-1.637432004278595254e+00,-1.421015938397004685e+00
-1.963556156256116569e-01,7.700684294316578749e-02,-2.962598541040054601e-01,1.060908019766688248e+00,1.088791959413637933e+00
-4.461516270137987766e-02,3.009097378472575524e-01,8.773621980769900908e-02,1.433963133750830066e+00,1.297056260609021461e+00
2.541783035044385963e-01,-1.815313899743840054e-01,5.204255718422291788e-02,-2.379861350393902841e-01,2.621842912010470261e-01
2.019001418061968853e-02,1.397360504358300670e-01,-1.642574477492185769e-01,2.078975881397048808e-01,-1.080154843308469247e-02
3.259134516407692361e-01,2.422882839222892104e-01,3.934039170897819793e-02,-1.771672956567686752e+00,-1.637803764325221900e+00
2.450286833502194617e-01,1.202509690338600945e-01,5.934464276652103715e-02,1.135129382630837958e+00,1.186404113617168354e+00
-1.820810996263511061e-01,4.817059598011091404e-01,7.253444504389004906e-03,1.162531000454249952e+00,1.090186826796172737e+00
4.941491625247020764e-02,4.361209100761354041e-01,2.142398791069708153e-01,-2.723970418448194986e-01,1.612089451434409182e-01
3.100199786519284850e-01,2.191244866287509196e-01,2.323276097910601801e-01,-1.277856239601465604e-01,1.496115347478785274e-01
5.251921074392761069e-02,1.558392793038397839e-01,-6.959978407694994429e-02,-1.197038325036316131e+00,-1.223786751806180684e+00
2.069956736754476334e-01,1.359438814747557511e-01,1.321454894853336427e-02,3.542743176697362717e-01,4.767089779935553689e-02
-4.438631847245651241e-02,2.188301732574641223e-01,-1.573844114821834894e-01,-1.415389286647281919e+00,-1.641927874009627253e+00
-7.088712905073815684e-02,4.308283013629023994e-01,-1.699586339354011363e-02,1.213352245761843085e+00,1.068099418509793841e+00
-8.330269924178949903e-02,7.175483030973076048e-02,-8.827353739332224891e-02,1.183426699295679008e+00,1.256522374567285105e+00
6.643221792194066166e-01,-1.241430637682744559e-01,1.796597658481535742e-01,-1.085048569445775657e+00,-1.588261560206969847e+00
1.338642892397454709e+00,-3.205653292739972238e-01,3.581139378806415530e-01,4.494470775539980423e-01,-2.298839043843397822e-01
2.643831293940876459e-01,2.262823535419538346e-01,1.140186577388347805e-01,-6.981587975831654580e-01,7.467106334186353334e-02
-1.001924974347568192e-01,3.750872791645539217e-01,-1.130401317600387423e-01,-3.266618480569788430e-01,7.206220469967641873e-02
2.843593957203961464e-01,7.962417698728012361e-02,1.188345598790808422e-01,3.142538646902990479e-02,4.024072698053872132e-01
2.510024226765212307e-01,5.830910196689616937e-02,1.479574758076576402e-01,-1.273173425051824958e+00,-1.584767370380716800e+00
3.897262092336701289e-01,-2.916332180810211616e-01,6.628734500739955071e-02,9.771729418804839251e-02,6.410593788715511498e-02
-1.621787483753736603e-02,5.155155773862110102e-01,7.720749097806015038e-02,1.574794370748324734e-01,-7.718778999230625770e-02
3.314109895198368294e-01,4.719883896101996663e-03,2.138538661369147331e-01,-3.251218460480732042e-01,1.162889727690350622e-01
-1.193574420429961008e-01,4.468050543955971454e-01,1.400742555515296361e-01,-1.174151953952603300e+00,-1.386745761140602440e+00
1.072145667279147618e+00,-1.731873376110317497e-01,3.470831484934963629e-01,-1.354074717245766557e+00,-1.382046555416382327e+00
-1.315086461379875393e+00,-1.595323219448979257e+00,-7.293316295580034581e-01,1.215766265735094276e+00,1.172234775575504040e+00
-1.138605317090267022e+00,-1.223395728940936955e+00,-1.256339838938560938e+00,-1.190032222704825005e+00,-1.515481216154880517e+00
-1.376280479328181539e+00,-1.258065063245304316e+00,-1.316757703516050482e+00,1.205607760941196149e+00,1.338560592534262739e+00
-1.314471176799227203e+00,-1.013927526311754646e+00,-1.146677700140807499e+00,-1.082362480935750160e+00,-1.450945776904768447e+00
-1.192535153297960449e+00,-1.374201532667003622e+00,-1.095018976895318019e+00,-1.146508191293198697e+00,-1.303345088698768528e+00
-1.189559946591530526e+00,-1.189902824241845014e+00,-1.367428497509499241e+00,-1.092659460458327514e+00,-1.220714298017457455e+00
-1.010031555113022339e+00,-1.200587957419621654e+00,-1.270264255713141166e+00,-3.809028539598619534e-01,2.163349812563986618e-01
-1.315431442296382869e+00,-1.455001659000966452e+00,-1.280244537593866916e+00,-1.470686363170455646e+00,-1.465747602953972883e+00
-1.181394733595435120e+00,-1.151298238202255853e+00,-1.285205253253835611e+00,-9.825472230092339998e-02,1.173050135304657127e-01
-1.282906721016478180e+00,-1.187998289351160253e+00,-1.304761714371538428e+00,1.126899458571330115e+00,9.931285537703701261e-01
-1.714185440712511221e+00,-1.475721290376708517e+00,-1.255680730244572496e+00,1.880721289226947590e-01,1.139063509337984170e-02
-1.268486961580052030e+00,-1.420425415799642099e+00,-1.119464347140308291e+00,1.058284225825016467e+00,1.190472404013271257e+00
-1.573234583912420881e+00,-1.337115003279094827e+00,-1.075495424204985895e+00,1.304449746445657921e+00,1.309849075426765541e+00
-9.673040121702451977e-01,-9.725049328632583423e-01,-1.402659831588543238e+00,-1.341280733729465213e+00,-1.498896147421794112e+00
-1.538727069918814694e+00,-1.229945714568163151e+00,-1.011015530365493076e+00,-1.473262871894662762e+00,-1.449036419872606896e+00
-1.098159065033152970e+00,-1.108988401945115942e+00,-1.230259039519376207e+00,1.247572926738262478e+00,1.100488573359983402e+00
-1.357866362976248409e+00,-1.364836036858757096e+00,-9.060808538985219984e-01,-1.331604807268361723e+00,-1.049971055831341538e+00
-1.209546930072499249e+00,-1.227555614549731722e+00,-1.140341230721020560e+00,1.377254606944507298e+00,1.199790564170392093e+00
-1.051979743657099453e+00,-1.185534692973691628e+00,-1.032785243640967021e+00,-1.331724515112288065e+00,-1.468760075242761864e+00
-1.520094333314493174e+00,-1.365521057959117712e+00,-1.187364179800235897e+00,-1.400405996877073012e+00,-1.353546453312004960e+00
-1.055798294374011626e+00,-8.800761892748097948e-01,-1.215496231745945899e+00,-1.417885186185768864e+00,-1.368795191994009786e+00
-1.429731291910613322e+00,-1.414270951493416639e+00,-1.415527594521414967e+00,1.341698891697720608e+00,1.171145625547851621e+00
-1.316112900364981408e+00,-1.289653096926104414e+00,-1.164948316709394138e+00,-1.360461978454679199e+00,-1.480512709148422701e+00
-1.253203912278180177e+00,-1.173908141713450481e+00,-1.236808119744745138e+00,1.612963004645805443e-01,4.131545962492533253e-01
-1.250958961192903729e+00,-1.296430878697031996e+00,-9.452765871843727963e-01,-2.462226896534235598e-01,3.433697105291363960e-01
-1.410454581217456260e+00,-1.412303325370905860e+00,-1.186747083752938359e+00,2.255250050065921996e-01,1.209412162324022266e-02
-1.263109324209634732e+00,-1.400807265971284910e+00,-1.194215524540043427e+00,2.017349707366850320e-01,9.040612624017743681e-02
-1.351380134331327865e+00,-1.334455753399117262e+00,-1.214863775464700035e+00,-1.573333929932687170e+00,-1.290720500054656661e+00
-1.155112709604445786e+00,-1.173781137513986605e+00,-1.125337074455514008e+00,1.140077787238707785e+00,1.117008533048070573e+00
-1.151112742349572615e+00,-9.944178216327813624e-01,-1.109291272020755947e+00,-2.343253485018511051e-01,2.264470123117165723e-01
-1.070555079335984594e+00,-1.099500959953546353e+00,-9.841384511783133338e-01,8.538609392054734570e-01,8.212784827403769583e-01
-8.588937227684354525e-01,-1.030159164553457574e+00,-1.224215157801158860e+00,1.173529785629226163e+00,1.372429091318018823e+00
-9.987970746455847593e-01,-1.137866446530699571e+00,-1.143404375823119601e+00,-1.319508638555120905e+00,-1.514272056944452993e+00
-9.654094760978506606e-01,-1.381324176919061397e+00,-1.025487152171845606e+00,-1.305039756277720064e+00,-1.538764778321388249e+00
-1.082806615659598792e+00,-1.334772539058308061e+00,-1.257696117444827566e+00,-1.511383504333522865e+00,-1.497848784781950382e+00
-1.355327191395346853e+00,-1.321620985197882847e+00,-1.232479813497056265e+00,1.598261940127599368e-01,-1.188807945844598535e-01
-1.659832877201557144e+00,-1.417072038746662210e+00,-1.284580811533421851e+00,-2.850605311482613535e-01,2.118309388634138368e-01
-1.158413883489991081e+00,-1.265532816725972287e+00,-1.142180303783009165e+00,1.124014228205093779e+00,1.087669869389764399e+00
-1.409626240889943150e+00,-1.411700162796876601e+00,-1.148829706012127083e+00,1.007606805165545127e+00,9.075514713680621348e-01
-1.300594341361342776e+00,-1.345329270835098123e+00,-1.205873781529020361e+00,1.122705881594863619e+00,1.184953657087996381e+00
-1.232419739202650799e+00,-1.361728286298227841e+00,-1.140615900615419953e+00,1.536299043458593527e-01,-5.767508507971696313e-02
-1.070002015238533888e+00,-1.195737686893399765e+00,-1.092305708877425507e+00,-1.420782672103921396e+00,-1.237817884201280361e+00
-1.227959295143146390e+00,-1.185591768305177762e+00,-1.173961835529816256e+00,-1.537438204263585462e+00,-1.400590047089801837e+00
-1.328960332880370965e+00,-1.370246817393585337e+00,-1.265265518652555210e+00,-5.721010574388882709e-04,3.008136233785156655e-02
-1.336268983687014966e+00,-1.465172120281250212e+00,-1.249620209754055411e+00,1.160626409833023676e+00,1.186843474528581188e+00
-1.166525950618158891e+00,-1.152884817376071735e+00,-1.192719856305410664e+00,8.905071741817971454e-01,8.604056459226183673e-01
-1.151128494088867527e+00,-1.324541952574416426e+00,-1.162523523458335317e+00,2.351166275821296447e-01,-9.288344338869747308e-02
-1.092844420307136355e+00,-1.126617201415043956e+00,-1.257791558724634884e+00,-5.121727270249508690e-01,4.465048530623784429e-02
-9.538899102213727055e-01,-1.030594221331360805e+00,-1.165120230996235851e+00,1.742457090244497742e-01,1.097414314993526707e-01
-1.210417764314545730e+00,-1.114037575958430448e+00,-1.125488696348060147e+00,2.979876439232950758e-01,4.538967125710088174e-02
-1.528172995541954737e+00,-1.454181053855892136e+00,-1.510647259076630666e+00,1.070478948224849569e+00,9.763289641956014453e-01
-1.273397673756741622e+00,-1.008133740238710496e+00,-1.472446604012437321e+00,4.351298278118653218e-01,-4.015646592995332775e-01
-1.309298156635275046e+00,-1.095738639039944617e+00,-1.417733462065102534e+00,-1.860425114537032354e-01,4.444278768975903210e-02
-1.287226478695643550e+00,-1.328956579696542795e+00,-1.158422787523407882e+00,1.160536408347424331e+00,1.081110434868233439e+00
-1.277292214895775269e+00,-1.258604991348462487e+00,-1.109486064344548994e+00,1.115233344935847803e+00,1.107581643109843750e+00
-1.413006013338720779e+00,-1.496059919461286913e+00,-1.148150588453562548e+00,-3.783380276341863913e-01,9.269028305112050892e-02
-1.374901233746345541e+00,-1.296417740909941108e+00,-1.597424719392777304e+00,-1.503183855587734152e+00,-1.279648711011060813e+00
-1.814394330620729301e+00,-1.501355225189165532e+00,-1.490026836815047107e+00,1.004877131433522086e+00,8.892703987342327476e-01
-1.319103708120636265e+00,-1.434676026121386450e+00,-1.267393397935198784e+00,-1.321972303395888781e+00,-1.599132822403517951e+00
-1.121805236698564023e+00,-1.507942040685006813e+00,-1.111347466818077390e+00,-1.062536612628232957e+00,-1.525951492460396741e+00
-1.434182007982079732e+00,-1.281449603688552319e+00,-1.225921166261024098e+00,-2.840536247929471014e-01,8.952358810299329561e-02
-1.057585427124259070e+00,-1.113876623688647705e+00,-1.201089102106833062e+00,1.101793179272782641e+00,1.196945509494625304e+00
-1.286243786315977466e+00,-1.335483046256973783e+00,-1.421112934809171557e+00,9.906208790554181798e-01,6.865150092540093230e-01
-1.403802191579249348e+00,-1.363116655932022470e+00,-1.344862966035982765e+00,-1.261707154679420247e-02,-3.802971234132192929e-02
-1.350804329745062260e+00,-1.271764869702762146e+00,-1.346679171390451790e+00,-1.463150196510996315e+00,-1.363833159932552608e+00
-1.161691914695504702e+00,-1.030484230479083330e+00,-1.402620950586575432e+00,-1.185290784470360625e+00,-1.429230184532558567e+00
-8.792981555916591363e-01,-9.669682569341885303e-01,-1.313899804665194848e+00,2.715601769682612909e-01,3.977776778148728321e-01
-1.463189337549936297e+00,-1.299806675754108021e+00,-1.186541351898712682e+00,-1.474878838661167091e+00,-1.260830942816506539e+00
-1.332876011112793080e+00,-1.162732448214007785e+00,-1.360554225110901960e+00,1.102576391147843227e+00,1.212258011796927715e+00
-9.829833481960744690e-01,-1.420302104160306778e+00,-1.137457227487943756e+00,3.667866035792978763e-01,1.004092212658340838e-01
-9.778904325859215652e-01,-1.281551121106816682e+00,-1.224129296728660554e+00,-3.141544559298539707e-01,1.538964817349097181e-01
-1.364406270668101717e+00,-1.517063100981018930e+00,-1.141770374289263312e+00,1.384281974282200567e+00,1.174957315821079540e+00
-1.312586044854663125e+00,-1.094072491604866082e+00,-1.353796145952353980e+00,1.280001509920038583e+00,1.037279762174750264e+00
-1.461898045476696995e+00,-1.208858969075866874e+00,-1.068105292390098882e+00,1.000453168527041026e+00,1.330036858516201237e+00
-1.323445347454364374e+00,-1.150340978030227834e+00,-1.039145634471670077e+00,7.058327223389752880e-02,-1.652156508833669546e-01
-1.361240165869392893e+00,-1.486679217055359548e+00,-1.202526136637976473e+00,1.216284095040425450e+00,1.122361947544044281e+00
-1.440517210645040347e+00,-1.229560604261771495e+00,-1.296803611553097424e+00,-4.424173550260075694e-02,2.759822050026244922e-02
-1.247164660723730556e+00,-1.272220952684797401e+00,-1.171745133988987053e+00,1.228292264680899359e+00,1.260747246481048300e+00
-1.347499225330533790e+00,-1.262657133246232410e+00,-1.117999842739948901e+00,-2.446194116661462303e-01,5.236929884714363048e-01
-1.320676081619062581e+00,-1.149843559833714668e+00,-1.513362204654680632e+00,-1.047154627107692804e+00,-1.191030976499362293e+00
-1.133635585377767541e+00,-1.144508616989702521e+00,-1.070844302349234223e+00,-8.978237493998267316e-02,1.800395303491395815e-01
-1.276143718386103521e+00,-1.286366010033086704e+00,-9.661026879088774333e-01,-1.563808919207215098e+00,-1.512100113766106757e+00
-1.592942142248358728e+00,-1.189735070116608728e+00,-1.303239813371555922e+00,1.287086283072108372e+00,1.163548541465252439e+00
-1.064075096986488056e+00,-1.156092588973684832e+00,-1.128571581911293142e+00,-5.108870478254854408e-01,4.482215317028799273e-01
-1.267622854615787054e+00,-1.052802584435327038e+00,-1.179001579601729244e+00,-1.745552737088616357e+00,-1.457614728718571451e+00
-1.189652976148823260e+00,-1.272643361266332374e+00,-1.049022439305544951e+00,-1.422555192732399165e+00,-1.487373180286539753e+00
-1.283881699082394912e+00,-1.495657284300137890e+00,-1.121177431262593949e+00,-1.355945164663319602e+00,-1.456371725834834763e+00
-1.394173213392815303e+00,-1.362761510728582870e+00,-1.361634928382918108e+00,9.915821134747415666e-01,1.015867636940884777e+00
-1.645102752211252684e+00,-1.499122458448507444e+00,-1.150961262925427997e+00,-3.122160684453353374e-01,1.579471178074018378e-01
-1.219017098283002420e+00,-1.320905410685708103e+00,-1.020586465207581783e+00,2.650008275138375224e-01,-1.797078790206207421e-01
-1.249648688245861283e+00,-1.227196333442011511e+00,-1.225753199506147473e+00,-1.149075966324301090e+00,-1.469539801168133319e+00
-1.266080412374892994e+00,-1.237492395219262242e+00,-1.109823031377123570e+00,1.421679101843920989e+00,1.175587445241432105e+00
-1.497014284926035499e+00,-1.279529710956513133e+00,-1.341261888520713264e+00,-3.734831543575736768e-01,-4.802540094633550583e-02
-1.610304440473635301e+00,-1.454993696491108768e+00,-1.343295555943274877e+00,-1.231992569086287181e+00,-1.322283871335555805e+00
-1.352225340485676996e+00,-1.348791018232469385e+00,-1.113868128315085082e+00,-1.218018688781241643e+00,-1.174513848793916848e+00
-1.312439612228524677e+00,-1.305239534330706386e+00,-1.391481091348504950e+00,1.071131420581449278e+00,9.463207162361316760e-01
-1.389136318453582764e+00,-1.342709808974627883e+00,-1.511130074158266723e+00,1.212688373762185190e+00,1.067633507699338624e+00
-1.450592107455709767e+00,-1.492276306889168680e+00,-1.176179513764378903e+00,-1.332582606577944917e+00,-1.251384406482311418e+00
-1.405913904836665118e+00,-1.357954559847724507e+00,-1.263793808840244060e+00,9.318213594709733316e-01,8.748805345244311527e-01
-1.174733055121941483e+00,-1.159257903745702478e+00,-1.338837312068702046e+00,1.092870596593216836e+00,1.090428684743168786e+00
-9.983235446116722756e-01,-1.338570630956383845e+00,-1.391279116112055458e+00,-1.743957781031892917e-01,-3.964557271204167954e-02
-1.024707083249223327e+00,-1.150470427631473225e+00,-1.338002689210709528e+00,-3.653355236776491544e-01,-3.528631614203153050e-02
-1.228055707185291112e+00,-1.260416963082042763e+00,-1.127044433311733318e+00,-1.217642503356871408e+00,-1.615756204604428037e+00
-1.197121462623498500e+00,-1.319795098140611689e+00,-1.451075215992576828e+00,-2.805413720537028865e-01,2.334860437220433460e-01
-1.124023388470156481e+00,-1.193283469124829965e+00,-1.398817830490957981e+00,-1.267198609356789518e+00,-1.468234539134259720e+00
-1.073503484327045232e+00,-1.297091808735175267e+00,-1.086685817269330112e+00,1.053646292168813448e+00,1.114050458045769521e+00
-1.104309119979816511e+00,-1.160147254585847554e+00,-8.788379147867162455e-01,1.079869953841815722e+00,9.840682802130084061e-01
-1.471692254795124111e+00,-1.393694864450284454e+00,-1.166766896789941610e+00,-1.491662422963793699e-02,2.532506260242909368e-01
-1.181952623384602941e+00,-1.332789628053984599e+00,-1.149759523842975639e+00,1.061522756313715954e+00,1.034546478266799685e+00
-1.505800673771853004e+00,-1.387588116662392901e+00,-1.413829140628144465e+00,-1.596677894310541135e-01,1.866960254261992858e-02
-1.505667668819910654e+00,-1.431998429013534579e+00,-9.438987320996991004e-01,-1.163324098206678370e+00,-1.399841150861559136e+00
-9.729545678039976941e-01,-1.020075400554327993e+00,-1.323052374332545522e+00,-4.168922067758671496e-02,-1.465109269429361039e-01
-1.239364806682407005e+00,-1.152016631045370554e+00,-1.078710241578597850e+00,-1.438072082375165817e+00,-1.365409695544125501e+00
-1.172747676418472551e+00,-1.183052932545048730e+00,-1.220794747844857753e+00,-2.058672469678377026e-01,4.799921531057311369e-02
-1.133970572989635217e+00,-1.145418071368929258e+00,-1.334428875746502152e+00,3.849535907185067107e-01,-1.535505871068363996e-02
-1.251432349852589887e+00,-1.196181975698252797e+00,-1.281718113639246814e+00,1.150893839451669010e+00,9.313319126566554917e-01
-1.325984353445313513e+00,-1.084533513489314815e+00,-1.330340081916376871e+00,1.242380482771826777e+00,1.081871570233051916e+00
-1.323185079482326332e+00,-9.482913190653579072e-01,-1.084364282018353887e+00,1.283885258936918294e+00,1.226631643917963643e+00
-1.616438582347028863e+00,-1.338387597248252403e+00,-1.166241150607705501e+00,-1.344277929464528398e+00,-1.223077484414186289e+00
-1.437331549085885563e+00,-1.275957613563547310e+00,-1.342111969253613646e+00,1.167410885887279814e+00,8.649059153808830169e-01
-1.477651703574262898e+00,-1.295321436978388085e+00,-1.477420480306093298e+00,-1.177801434797165703e+00,-1.470463054955364557e+00
-1.196582256630029484e+00,-1.357658724528554517e+00,-1.384097140622826405e+00,1.157077159302261515e+00,1.036045990512112880e+00
-1.152648888203268385e+00,-1.323746581096765018e+00,-1.080254657446193089e+00,1.051652954335657308e-01,5.279709350978478710e-02
-1.203138631167427031e+00,-1.101871813249473808e+00,-1.298535917575894594e+00,1.077166375985060709e+00,9.682417857645850834e-01
-1.320504663878327767e+00,-1.326559575886495201e+00,-1.372386296471906242e+00,-1.215994403016955161e+00,-1.070554490872841269e+00
-1.123927298993010915e+00,-1.378269521455481872e+00,-1.147695248016741054e+00,-1.331715586070991442e-01,-5.525786690258156081e-02
-1.151029342194079375e+00,-1.126393786358077742e+00,-1.228496143716003353e+00,1.122462335665037836e+00,1.038515360363826412e+00
-1.097035504489340063e+00,-1.114337479607125703e+00,-1.229340532198613500e+00,-1.179240442020323743e+00,-1.497236956578726019e+00
-9.618826593100230360e-01,-9.723652590734452872e-01,-1.391378639229689185e+00,-1.096909431573941107e-01,-3.054660529048168760e-01
-1.370738079675959398e+00,-1.243058362870741895e+00,-1.422035734720982436e+00,1.411847801657038604e+00,1.333803983295737794e+00
-1.154313518461883348e+00,-1.116858849877835791e+00,-1.443848063947976268e+00,1.257732401308276682e+00,1.091714761922049526e+00
-1.187872100682556775e+00,-1.176289831653496432e+00,-1.136002920799531024e+00,1.643485036176552394e-01,3.066148677467694927e-01
-1.416930883274656994e+00,-1.199781376257162302e+00,-1.222127263037334544e+00,1.045926689235254781e+00,8.364044145059368329e-01
-1.162714344120715282e+00,-1.242946552669214055e+00,-1.245683029281872800e+00,-1.778336982087360685e-01,7.663165242335299998e-02
-1.213022319505058455e+00,-1.070250301256431502e+00,-1.455028457552086651e+00,-2.417071986565522135e-01,-1.324961720772361851e-01
-9.015097963951691495e-01,-1.002879817243312432e+00,-1.222627833260296670e+00,-1.527312862267092619e+00,-1.461191039234825517e+00
-1.198526682848315206e+00,-1.439744556983027168e+00,-9.360431614441466763e-01,-1.274175839125506027e+00,-1.528728788680471906e+00
-1.289669269378088012e+00,-1.156873650177499879e+00,-1.292937043189166246e+00,1.273639062096174390e+00,1.420204896636140468e+00
-1.061122875942770660e+00,-1.235094257534920192e+00,-1.030452196438588652e+00,-1.482185761840339788e+00,-1.390799807191022142e+00
-1.289141450701516201e+00,-1.354079451689846891e+00,-1.359459831305177335e+00,-3.451107658248379617e-01,1.748853555611415422e-01
-1.183025333861193351e+00,-1.180553946208608762e+00,-1.097000523425315954e+00,1.087304681861429145e+00,1.012946475645489786e+00
-1.054113715692861053e+00,-1.188979329028836629e+00,-1.373296093232547754e+00,-3.816301933883872177e-01,1.048616175551101842e-01
-1.002035264700472439e+00,-1.204313648684190108e+00,-9.619720086126016811e-01,-6.939902989155329049e-02,1.315457283986844472e-01
-1.090944051199790099e+00,-1.327736847559866762e+00,-1.073261516830850137e+00,1.033162028343521222e+00,7.321012374015952728e-01
-1.340416165598515619e+00,-1.390658322280031278e+00,-1.264165822424853758e+00,1.065384870412997564e+00,1.058068601504780659e+00
-1.331047434399113438e+00,-1.257593890098189782e+00,-1.225326934616917551e+00,-1.124065924309946451e+00,-1.257934019951936655e+00
-1.212019834209086433e+00,-1.173504701779906734e+00,-1.349286535221993155e+00,1.171372038603348154e+00,8.383029331041687016e-01
-1.511992743622868840e+00,-1.312952516312401174e+00,-1.277770507567826286e+00,2.984949457877777435e-01,5.402110326708271792e-02
-1.137145448589039987e+00,-1.143076115680600191e+00,-1.390224518143533761e+00,-1.442698537913444046e+00,-1.401209286573886770e+00
-1.449793822302253066e+00,-1.357024360838676058e+00,-1.263885301175047493e+00,9.728269180955245732e-01,1.010520140651397947e+00
-1.156657499213924911e+00,-1.076005963920565911e+00,-1.239889110473830991e+00,-1.184490992630291784e+00,-1.778854420690438864e+00
-1.403270331231571966e+00,-1.434270706277346319e+00,-1.096571728666752010e+00,1.201486501219565017e+00,1.259417346646310998e+00
-1.314388830887830872e+00,-1.300388681446583705e+00,-1.253955687393580876e+00,1.137685168962687454e+00,9.943541542323302007e-01
-1.241832151975737153e+00,-1.335477758859178410e+00,-1.264629212510152811e+00,2.884779157447783793e-01,-1.113656054108711491e-01
-1.287259629674663231e+00,-1.316435098041452090e+00,-1.318678059899349719e+00,1.285323057109354350e+00,1.229967618723517120e+00
-1.055689649913891026e+00,-1.120943569642476323e+00,-1.206703206194193356e+00,9.990493942865154020e-01,1.087359992836270939e+00
-1.551067025823234191e+00,-1.063219024306433447e+00,-1.435138078924984129e+00,1.043744604712888657e+00,9.351181138104901480e-01
-1.391410081136370769e+00,-1.546469526261339711e+00,-8.932164568480245315e-01,1.077687616362178247e+00,7.023937632312369228e-01
-1.564130115173861357e+00,-1.414578223665594381e+00,-1.110417664837317187e+00,1.218911198700927123e+00,1.156039277969766577e+00
-1.423900338256382625e+00,-1.374450685890667989e+00,-1.346589757287590672e+00,-7.574919239108919289e-01,3.502712796366137527e-01
-1.456925149266316444e+00,-1.315315793985084802e+00,-1.237172923398003554e+00,9.956804404198220659e-01,1.109539199298162471e+00
-1.516133269043880238e+00,-1.405857622980498212e+00,-1.498540623698265906e+00,1.004859471374002000e+00,1.113531038674552942e+00
-1.816574836340169252e+00,-1.334268603936202169e+00,-1.235289272518170112e+00,-1.318160034417115822e+00,-1.191125367834583226e+00
-1.076870637941817810e+00,-1.005526890933791773e+00,-1.214246930229186505e+00,1.747357389748316892e-01,1.101198882829505232e-01
-1.227073653405462927e+00,-1.474916743572479261e+00,-1.152428182656321853e+00,-1.254150706874951338e-01,2.483671107155720481e-01
-1.119139450352364840e+00,-1.287439426139060483e+00,-1.066023645743749526e+00,2.186847542237191355e-01,1.780258214561480923e-01
-1.456241130192920341e+00,-1.354959855931549217e+00,-1.167237128415550051e+00,-1.433595745262796095e+00,-1.359396866726034325e+00
-1.201854274762339081e+00,-1.351603706189682175e+00,-1.307640972030115201e+00,-3.282308463182714853e-01,2.207312579669427899e-01
-1.293466273539797706e+00,-1.420525802192084575e+00,-1.111950510500837153e+00,9.681245724028922917e-01,1.180336710331913563e+00
1.088393676513377040e+00,1.135674709176342612e+00,1.251201979152630317e+00,-1.399524906629838084e+00,-1.745967291179555625e+00
1.018955199214376162e+00,1.125847054378266598e+00,1.493516080129444701e+00,7.935598681026193590e-01,-8.059630661789879413e-02
1.369211895497404186e+00,1.197739359273959359e+00,1.150223736974492761e+00,-1.410015700436761943e-01,1.755450336565907987e-01
5.439061580008103247e-01,1.157248651012477758e+00,1.169119370875476127e+00,-1.925065049070379675e-01,-5.790325056780801921e-02
1.114748728295263058e+00,8.346688834762027165e-01,1.344323286283944929e+00,1.046171299909748331e-01,-3.109654129461978528e-02
1.367608475704014115e+00,1.313156809380827683e+00,1.040211734344318240e+00,-7.399616006898995790e-02,2.318415600131306098e-01
1.501598331974939082e+00,1.065498068491542050e+00,1.272465911696770480e+00,9.063097224162626198e-01,9.743036045154300773e-01
1.499599182962665145e+00,1.226841537283154704e+00,1.141438208553983147e+00,-1.566807194213827970e+00,-1.524111094713794579e+00
1.064129928482315579e+00,1.075949562267154214e+00,1.124037637598984896e+00,1.015523409394267107e+00,8.119109288640400379e-01
8.909249271636190404e-01,1.041263221450496879e+00,1.402415238750257753e+00,-1.045165782169874769e+00,-1.317035989875407376e+00
1.087597875689549243e+00,1.227544203621159902e+00,1.190708300977345147e+00,1.479365880502495631e-03,1.420970630082416808e-01
8.558479060418862083e-01,1.227283390134258356e+00,1.095755729601783246e+00,-1.312157248263406961e+00,-1.248578082486685892e+00
1.216124747394300654e+00,1.135004512486443407e+00,1.039192271465625428e+00,1.295218103214914374e+00,1.207208750325797109e+00
1.176620042353348827e+00,1.319380614963295173e+00,9.365942343909019474e-01,-1.284205021523509016e+00,-1.400552844943860675e+00
8.260042048382715274e-01,1.146463182990528740e+00,1.073559978702249840e+00,1.953804642929940494e-01,-1.357904054009656802e-01
1.263978659031149698e+00,8.442900242964830326e-01,1.410103663423989184e+00,-1.514227882175143369e+00,-1.508716794476639755e+00
1.318536300227221458e+00,1.012587234952884163e+00,1.192891021836804732e+00,1.106635150705847614e+00,1.293168149124703348e+00
1.261066075748241921e+00,1.393640941755739160e+00,1.136545499241709001e+00,-1.515624580211919481e+00,-1.355669679720882703e+00
9.857409741832364736e-01,1.162893670818142988e+00,1.141760673694514727e+00,1.241767006947913365e-01,-5.967945893287423392e-02
7.309541809804560586e-01,9.108549709143521911e-01,1.297192167658487438e+00,9.659933450617167461e-01,7.853288365134428739e-01
1.094770950703632062e+00,9.915444359689669085e-01,1.345250092017301613e+00,-1.324145033404610858e-02,5.695981713469425167e-02
1.118539655395614840e+00,1.341027191603673785e+00,1.081547779183871905e+00,2.457329774024644142e-01,-2.250987863903991526e-01
8.638728063333850349e-01,1.056572903258145013e+00,1.349599255879012638e+00,2.290024944613026359e-01,-4.342228626037040740e-01
8.054086671562000754e-01,1.076216727566313036e+00,1.404289606915013922e+00,1.478408948332581019e-01,4.473621275932618442e-03
1.329096386226886306e+00,1.178907292766760762e+00,1.140946158955367551e+00,-1.279317231700521917e+00,-1.454309551730400107e+00
8.856978431116814265e-01,9.043107241631199722e-01,1.108563786969859244e+00,-1.265735247063602742e+00,-1.329734645486423616e+00
1.032864110919949008e+00,1.270542635474408044e+00,1.287377450640174503e+00,-1.365914767639720750e+00,-1.345544509812810707e+00
8.281104421767531143e-01,1.161782042101232371e+00,1.095106974546292244e+00,9.066521320345241053e-01,7.453087822249426786e-01
1.277769824838388635e+00,1.287273026372174778e+00,9.052726336531170537e-01,1.162859942411503811e+00,1.071156211596364649e+00
1.224428942877171966e+00,1.132866176887558751e+00,1.271549999049902624e+00,-1.197707494042678178e+00,-1.201729014199095946e+00
1.039458378808260308e+00,1.301284408022862271e+00,1.085164560159854075e+00,-1.009512293491561463e+00,-1.402242421541830542e+00
1.136100973195955266e+00,1.234767025287204723e+00,8.006374647682434897e-01,3.827173525775386109e-02,-5.516439660384141880e-02
7.862157310512940533e-01,1.319400213502477603e+00,1.100110024818826693e+00,-9.386892889004744278e-02,1.086742064106399758e-01
1.003114109178187441e+00,9.836010897937029762e-01,1.387982758755896828e+00,1.054342923368887019e+00,1.106252598800257836e+00
1.150479041528044588e+00,8.596682311168185597e-01,1.572382089140541339e+00,-2.051820136115765081e-01,3.583540889141410002e-01
7.387797809170779662e-01,7.686418606973455248e-01,1.380060709874771252e+00,1.063352833797929886e+00,8.527738311646765323e-01
8.637008863516973944e-01,8.923041542156198158e-01,1.310787650183768305e+00,1.200056557162160642e+00,1.337652237145560141e+00
7.260768503684076336e-01,9.480192585010265294e-01,1.368498049932103777e+00,1.003653147544298019e+00,1.106430225363812969e+00
9.997812656644010643e-01,1.189447780855464432e+00,9.054481637227738133e-01,-1.332192972917586316e+00,-1.363212550050329819e+00
1.164896720209558811e+00,1.193318204788330394e+00,1.161244221511995800e+00,5.900855710432251211e-01,-1.984400901818453855e-01
9.187438685616448053e-01,8.286532131568565829e-01,1.403801214270030018e+00,-5.211367168957857787e-01,2.051380222186803826e-01
9.673371829718939718e-01,1.088718893635794771e+00,1.274167174546559478e+00,3.362918654742300673e-01,1.927814294271901485e-01
9.937620381730494223e-01,1.188911500740495564e+00,1.207372549709011755e+00,1.092665622464461306e+00,1.198857635494891216e+00
1.051519754484885771e+00,8.981819179383649931e-01,1.565886140905107693e+00,1.037191471619048899e+00,9.968322681143331199e-01
1.202919292499167181e+00,1.149363409232454503e+00,1.194702837225353198e+00,9.063851311952411116e-01,1.033319290682785940e+00
1.217403259217283429e+00,1.326306108106844128e+00,1.162130621341241454e+00,3.921094954357965401e-01,-4.243038694554624075e-03
1.033671525597661622e+00,1.205862504199855412e+00,1.046947386473039643e+00,9.558279826506883570e-01,1.148154693737200915e+00
1.119603045208018344e+00,1.122261901481218072e+00,8.923592906021350357e-01,1.128156989184495584e+00,1.122635265277594163e+00
8.762681660250959403e-01,1.195750254611450458e+00,1.064201827174481974e+00,-1.646528504995632858e+00,-1.193607415360814938e+00
1.315512053671292092e+00,1.037261446749260241e+00,1.265701551259758473e+00,9.256346877521691441e-02,-8.865022646057472977e-02
1.104418252638210252e+00,1.311364511737404870e+00,1.266387274668485219e+00,-1.247686060134729935e+00,-1.447413359306497727e+00
1.231102527465571361e+00,1.252300605246521092e+00,1.218007056535583832e+00,-1.373923581646330661e+00,-1.391007314385721783e+00
1.179071259051256204e+00,1.020331545896229652e+00,1.353582780404494423e+00,-3.571051806467959167e-01,2.638388878349974265e-01
9.087737416280340375e-01,9.945198419789197386e-01,1.330147032585430988e+00,1.055935801777520666e+00,1.023540565159388294e+00
1.301588707027450553e+00,1.182989158768292359e+00,1.148287280050587666e+00,-3.081414591306087525e-01,2.226682184745340243e-01
8.223495977678598745e-01,1.089130009203370664e+00,1.322656653292708429e+00,4.220700683484838733e-01,-2.465363841033716211e-02
1.134400968070367499e+00,1.078852174551341081e+00,1.167025355092405015e+00,8.597295218383849136e-01,8.535656568301472902e-01
1.107863460868408811e+00,8.629761778179111387e-01,1.443750835804456178e+00,-1.579255602303569761e+00,-1.212755453339014799e+00
1.314328548521500828e+00,1.363118427274646605e+00,9.322713210630196867e-01,-5.674866212733873372e-01,-3.757717005405050714e-02
1.065677178920226842e+00,1.326267107817558744e+00,1.127066232981453142e+00,-3.099957653620981080e-01,-1.711838968446715015e-01
9.410470001969755138e-01,1.036882377534309452e+00,1.591989339539837900e+00,-1.159659884100052940e+00,-1.204657820347368125e+00
1.126125575221676334e+00,1.047068950083306582e+00,1.481901711103505326e+00,-1.460215550192446310e+00,-1.574185560345073398e+00
1.150615983543148202e+00,1.201349801692658259e+00,1.130499326062189613e+00,3.186659176858786524e-01,4.437666212636069002e-02
1.183769225820587190e+00,1.323553582218873981e+00,1.274359428271373496e+00,4.283611196716604619e-01,1.713711769266604845e-01
1.335010665431515031e+00,9.073589065818628008e-01,1.447138654136914671e+00,1.139010028471455271e+00,1.123814616141742162e+00
1.086513841325219998e+00,1.343785286179786098e+00,1.353430256245880647e+00,1.148704911549375263e+00,1.220152413151877724e+00
1.111164663317216972e+00,9.152186229407133222e-01,1.494289331026945167e+00,1.948993414652508416e-01,8.396365489900448065e-02
1.109142891517337137e+00,9.511797343019409157e-01,1.432984714505925794e+00,3.217833152820245846e-01,1.488328173182283110e-01
9.223332944332894856e-01,8.006084163773362627e-01,1.276688843226101211e+00,-1.402126500566163170e+00,-1.237589315666376866e+00
9.050510569895466872e-01,1.002365752898352502e+00,1.219523637004777283e+00,-1.542919421653893286e+00,-1.390746833015708894e+00
1.019691045247653083e+00,1.005236666273054968e+00,1.498017692082773467e+00,-2.965111821974676376e-01,1.520766666608635263e-03
8.470937661549130526e-01,1.111093918137375569e+00,1.295298567465544615e+00,-1.364694518054243133e+00,-1.387494344764576892e+00
1.091580124677671293e+00,9.315598202241189840e-01,1.166920761682955776e+00,-1.135111764645991006e-01,5.552945986374865917e-02
9.731016109974762740e-01,1.318970913108713505e+00,1.206145234343730444e+00,-1.517720209376163698e+00,-1.492931215309580395e+00
1.127832423747980650e+00,1.138590010511309814e+00,1.076324170828881766e+00,1.284582382189186911e-01,-1.183777688607406398e-01
1.183690614066418068e+00,1.522215407052083913e+00,8.572429598530932893e-01,-1.300986926092251084e+00,-1.412902963461767580e+00
1.263457449017787892e+00,1.344537257655395335e+00,1.258131250634116238e+00,1.070809883749610059e+00,8.333015861555667092e-01
1.265414938883102192e+00,1.139209357047037630e+00,1.418873696311339527e+00,-1.676820764485416893e-01,7.690864185331881819e-02
1.356088802812328575e+00,1.086006571790396613e+00,1.216464233811917373e+00,-1.297055558698615885e+00,-1.540579020993045001e+00
1.282981286072333971e+00,1.366423810283136975e+00,9.914967296192769286e-01,-1.219187028886514534e+00,-1.392397726678185510e+00
1.122743915335893128e+00,1.355041513387106322e+00,1.115086357791082339e+00,-9.602633730492424191e-02,2.016764221306311666e-01
1.244851536229075517e+00,1.207351856841274218e+00,1.340317849058778377e+00,-5.625875224392180574e-01,3.205179271959946452e-01
1.205175600214645870e+00,1.222108159653855664e+00,9.120825135132906158e-01,-1.317042785344186617e+00,-1.572531514632042882e+00
1.051938287716867038e+00,1.330263803484418306e+00,1.200934847170271436e+00,-8.688435804318949129e-01,3.748387696957862780e-01
1.438006940845911519e+00,1.494350871652594392e+00,8.593577538027200591e-01,1.000227136537207961e+00,1.074438167862084015e+00
8.728828926107395914e-01,1.137809505062544524e+00,1.252961680358294361e+00,1.679461271942710998e-01,1.813089553744096638e-01
7.908753397228043269e-01,1.038480871308557818e+00,1.072105592123760553e+00,1.218258237495036672e-01,-6.535339419842450337e-04
1.245731034483352095e+00,1.053029002291681726e+00,1.262672419682808966e+00,-1.715605185103803165e-01,7.816589317694482356e-03
9.421509307768655139e-01,1.173975861704999346e+00,1.301747133492950015e+00,-1.272692357516173489e+00,-1.351914696313123443e+00
1.254870206211241346e+00,1.075355770511827069e+00,1.078186186049225004e+00,-1.421830208014192465e+00,-1.579679538323920607e+00
1.257203202003612352e+00,1.313990726769529216e+00,1.066265296902302540e+00,1.157062284330638624e+00,1.034544071941780663e+00
1.166906693985491739e+00,1.325782296719669739e+00,1.214835842471121641e+00,-1.268155779106450831e+00,-1.580987083069223420e+00
8.230160901521432759e-01,1.418697312422870338e+00,8.404046557319062583e-01,-1.286508952996478161e+00,-1.645519054189641173e+00
1.195429234279633102e+00,1.134232320692399432e+00,1.205063703214133364e+00,1.092058783956245449e+00,9.447172592812573821e-01
1.213248251958985779e+00,1.233708171023623512e+00,1.116935309960623623e+00,-1.411381429497050588e+00,-1.408265662158668663e+00
1.098226322946872946e+00,9.105878449237249095e-01,1.479805673158954171e+00,-2.635078688121180734e-01,2.037713248861332815e-01
1.004289140441034567e+00,1.222050064197328645e+00,1.216824413228029478e+00,1.552203522831093752e-01,3.936441254697005121e-01
8.725695660083127025e-01,9.267242111381459591e-01,1.269476643989714937e+00,-1.373184615804641240e+00,-1.371412190190967939e+00
1.278191833418252932e+00,1.621786026590890328e+00,7.202523817424966168e-01,5.896297474366181124e-01,2.740060923211286581e-01
9.423697596296678469e-01,1.128878114410770239e+00,1.535484282415372048e+00,1.076425885329581389e+00,1.349741594652352994e+00
9.763416168802415696e-01,1.199489193415134380e+00,1.090571080617506183e+00,-1.564429930544347869e+00,-1.467739863937016054e+00
1.045022093642387961e+00,1.023917692002360935e+00,1.445856220845296747e+00,-1.318817762794962878e+00,-1.463560633746129325e+00
8.634771533162243218e-01,1.058294259306463481e+00,1.409972887747420467e+00,3.080249354663917583e-01,-6.284877673037155867e-03
1.061115551832394477e+00,8.717011213102553446e-01,1.389356555021378004e+00,1.116624412080228446e+00,1.201463691406852163e+00
9.778479711232702654e-01,1.261495063781667980e+00,1.030729894682985925e+00,-1.272200612106824336e+00,-1.422106043925016605e+00
9.362148942021409903e-01,1.111153910283847024e+00,1.312181861145680806e+00,-2.406114885268683529e-02,-2.841095903288114524e-02
1.226107022649579603e+00,1.478138467768293163e+00,8.891846647002163984e-01,1.056381726520365438e+00,1.070371684790045741e+00
9.380688773827005056e-01,1.088533491441759926e+00,1.208741525957832019e+00,9.728636698655143689e-02,1.790233163146202344e-01
9.899587707507536694e-01,1.226893193294301909e+00,1.313765004462180919e+00,1.073682067934958795e+00,1.161096778552413333e+00
1.420517319457692329e+00,1.423548483696652101e+00,1.204432692518485837e+00,-1.166648854855011574e+00,-1.555688021586453029e+00
1.358977572897867914e+00,1.146125784783240009e+00,1.006160643923794007e+00,-9.571289553450654242e-02,2.726365382114822045e-01
8.866366410948495203e-01,1.117959920507965110e+00,1.480931431541207433e+00,-1.516290677547352583e+00,-1.498750387649438354e+00
9.375937507176467234e-01,1.370009156552085328e+00,1.034878588498327145e+00,1.113962898906991406e+00,1.027594196026480722e+00
1.160275590670587720e+00,1.171414954325602942e+00,1.212703257648243049e+00,-1.842106519732260861e-01,9.731859740616696786e-02
1.153192577564420729e+00,1.266836489490844375e+00,1.364904114305204752e+00,4.009278619162307544e-01,-6.076201697797615348e-02
9.919181931073982605e-01,9.230857663842576555e-01,1.373763158491789982e+00,1.174576180448828389e+00,1.173060142761467528e+00
1.267880861315644481e+00,1.403950629904311631e+00,8.877715801047657562e-01,-1.298744041057671827e+00,-1.550724530761375730e+00
1.288767135718043244e+00,1.138365532810106995e+00,1.069243404135793218e+00,-1.290338197250983532e+00,-1.698906857298973616e+00
1.093704332832423631e+00,1.532768756327820059e+00,6.858444827553421552e-01,-1.445502696527074971e+00,-1.037353400386793911e+00
9.938333475872263012e-01,1.225730635620082554e+00,1.247949244806834779e+00,-8.256548236266642027e-02,-1.813526905212755891e-01
1.044950809617347431e+00,1.156273222163466619e+00,1.103582398581014701e+00,-5.271298613031664138e-01,1.394565224880142396e-01
9.042784885091128544e-01,1.240701111642139143e+00,1.022526997793704373e+00,1.340523016563960779e+00,9.997659852392594138e-01
9.731966662020486991e-01,1.247312185191259859e+00,1.049005908578551471e+00,-1.311492490779187614e+00,-1.453922706793985054e+00
1.135556808873696921e+00,1.393739994615933675e+00,1.062931219742892619e+00,-1.425419693191620762e+00,-1.555864905567289957e+00
1.082634011965706078e+00,1.556515008355446428e+00,8.207595022385343331e-01,-1.413026111509270599e+00,-1.563494319079203887e+00
1.056921850203271784e+00,1.237244737941790795e+00,1.137822117206478412e+00,-8.670856869404937328e-02,7.420922954681709316e-02
9.066899230066427506e-01,1.273087872831236922e+00,1.099096662554396753e+00,9.283876607575675122e-01,9.815296843318249698e-01
1.359456475285062194e+00,1.356102633589238549e+00,8.712327427753319142e-01,1.286003955738604931e+00,1.060643593967755427e+00
1.022266873123148345e+00,9.402700932473573303e-01,1.395769681043694144e+00,1.400769344356929791e+00,1.081434999606080360e+00
1.130975467946210511e+00,1.159906683970744590e+00,1.263834071200165665e+00,1.421517772471199592e+00,1.270674524661276283e+00
1.198239359449588592e+00,1.173788068302080045e+00,1.173496313923825918e+00,1.073588005310946558e+00,1.022215913975576207e+00
1.126068076215542613e+00,1.225246172415989987e+00,1.245702774674703139e+00,1.282455828461634084e+00,1.196693995562748691e+00
9.289407316268454284e-01,1.102926919544609197e+00,1.023216689474560237e+00,7.642839144501581972e-01,8.212380278800384126e-01
9.697322148803112496e-01,8.474874574308806086e-01,1.413265797091363796e+00,1.024256293450411803e+00,8.568396953990417009e-01
1.461607599264406199e+00,1.497583753312478727e+00,1.108632272285744458e+00,9.034577375078660377e-02,1.121132862102970917e-01
1.396632526334868896e+00,1.170151513913362251e+00,1.218433221573462566e+00,-1.494965148633186358e-01,-2.522867655267249654e-02
8.231762241575268924e-01,1.161164578763360655e+00,1.265914676360630819e+00,1.151671463339900781e+00,1.090045168847698642e+00
1.089194207139149162e+00,1.114051008682698241e+00,1.191719880587011282e+00,1.438341920330875046e-01,5.418741615442777132e-02
1.194223659537050342e+00,1.415961952574325888e+00,1.158522789815798815e+00,-1.041762514765093017e-01,2.582765627399856156e-01
1.180659382986303463e+00,1.241639380943731386e+00,1.315361936353767636e+00,-1.527821933182194725e+00,-1.310772114112485287e+00
1.015395924376297554e+00,1.210854845559991899e+00,1.494262458286378381e+00,1.910915977451086989e-01,5.656461035999812287e-02
1.270484551097677439e+00,1.357691565815393631e+00,9.432149232680852036e-01,9.536285179560373138e-01,9.397124433328161164e-01
8.301807540128739449e-01,8.837293395340777291e-01,1.445674682595686544e+00,2.175215330589359286e-01,-9.847349019111160950e-02
1.024149496337783516e+00,1.336634416834253658e+00,8.744985380780176953e-01,3.297721938663387697e-01,2.780746816479528483e-01
1.260260379900837613e+00,1.047592025575960317e+00,1.410904631443361534e+00,-3.242474474550337549e-01,-1.372549812803919855e-01
1.204995399695300451e+00,9.903789403264299240e-01,1.271147277438341883e+00,1.336009590516728185e+00,9.776594076858092786e-01
1.063963633034118006e+00,1.116964812516400007e+00,1.280820401254078922e+00,-1.352050621036382960e+00,-1.698762991177212189e+00
7.432069523621550600e-01,8.216154036905707336e-01,1.266636387133851516e+00,9.661466427882549335e-02,4.359584943022487558e-02
1.040095218740916261e+00,8.215028818221690177e-01,1.382678505382770373e+00,1.093043360290586241e+00,1.139657333559202623e+00
7.734981596045618080e-01,9.622753333754398009e-01,1.357613255238771632e+00,9.879076673622250171e-01,8.326493383215586297e-01
1.129192076817582047e+00,1.277435407290380853e+00,1.201363046986682948e+00,-1.350133832469459838e+00,-1.172433149033190070e+00
1.226808984123153534e+00,9.955548326856421548e-01,1.358700506114691287e+00,1.037326397025939650e+00,8.398269087898404539e-01
9.679427707140170201e-01,9.363773997787551151e-01,1.409033200821293796e+00,-1.333502779236630742e+00,-1.487152955142371225e+00
1.351835098450998807e+00,1.254482777203514976e+00,1.213345813709139298e+00,9.168796157585189580e-03,-2.945598684252520756e-03
1.143131961013827302e+00,9.544188570063434351e-01,1.341453685826347053e+00,-1.450051828315066071e+00,-1.177409119682056637e+00
1.023734342598857872e+00,1.131945031029348181e+00,1.142462394056442232e+00,1.008570190414385781e+00,8.464103915120962940e-01
1.170683659831912360e+00,1.254899274563433087e+00,1.075099291545570379e+00,1.222684727164582430e+00,1.124635938568788518e+00
1.150286175128147903e+00,1.067282502908760033e+00,1.371556156156534811e+00,9.948403038169800761e-02,-8.770702549668414616e-02
6.833481815643384083e-01,1.244304021546716044e+00,1.425481333620075119e+00,1.096848608085968069e+00,7.932397456818988113e-01
